{"cameraMode":{"drawMode":0,"name":"Shaded","section":"Shading Mode"},"sceneLighting":false,"audioPlay":false,"sceneViewState":{"m_AlwaysRefresh":false,"showFog":true,"showSkybox":false,"showFlares":true,"showImageEffects":true,"showParticleSystems":true,"showVisualEffectGraphs":true,"m_FxEnabled":true},"in2DMode":false,"pivot":{"x":-0.014619648456573487,"y":2.547677516937256,"z":18.367340087890626},"rotation":{"x":0.16423873603343965,"y":0.01272247638553381,"z":-0.002118590986356139,"w":0.9863367676734924},"size":3.5573391914367677,"orthographic":true}