{"cameraMode":{"drawMode":0,"name":"Shaded","section":"Shading Mode"},"sceneLighting":false,"audioPlay":false,"sceneViewState":{"m_AlwaysRefresh":false,"showFog":true,"showSkybox":false,"showFlares":true,"showImageEffects":true,"showParticleSystems":true,"showVisualEffectGraphs":true,"m_FxEnabled":true},"in2DMode":false,"pivot":{"x":1.4074246883392335,"y":0.7224857211112976,"z":8.441841125488282},"rotation":{"x":0.02696589007973671,"y":-0.5759115219116211,"z":0.019011691212654115,"w":0.8168469071388245},"size":1.2362374067306519,"orthographic":true}