{"cameraMode":{"drawMode":0,"name":"Shaded","section":"Shading Mode"},"sceneLighting":true,"audioPlay":false,"sceneViewState":{"m_AlwaysRefresh":false,"showFog":true,"showSkybox":true,"showFlares":true,"showImageEffects":true,"showParticleSystems":true,"showVisualEffectGraphs":true,"m_FxEnabled":true},"in2DMode":false,"pivot":{"x":-2.6974873542785646,"y":8.91289234161377,"z":3.5385236740112306},"rotation":{"x":0.24854931235313416,"y":0.49207594990730288,"z":-0.1489880532026291,"w":0.8209068179130554},"size":37.913143157958987,"orthographic":true}