{"cameraMode":{"drawMode":0,"name":"Shaded","section":"Shading Mode"},"sceneLighting":false,"audioPlay":false,"sceneViewState":{"m_AlwaysRefresh":false,"showFog":true,"showSkybox":false,"showFlares":true,"showImageEffects":true,"showParticleSystems":true,"showVisualEffectGraphs":true,"m_FxEnabled":true},"in2DMode":false,"pivot":{"x":-16.165258407592775,"y":-0.7525467872619629,"z":16.25055503845215},"rotation":{"x":0.15363483130931855,"y":-0.6856688261032105,"z":0.15153002738952638,"w":0.6951939463615418},"size":10.190771102905274,"orthographic":false}